StartDate,EndDate,Status,Progress,Duration (in seconds),Finished,RecordedDate,DistributionChannel,UserLanguage,Q-Age,Q-Gender,Q-Race,Q-PartyAffiliation,Q-PartyAffiliation_4_TEXT,Q-PolarAffiliation,Q-MiddleAffiliation,Q-FeelingThermR_1,Q-FeelingThermD_1,Q-AffPolarization,Q-DemThreat,Q-ReElection,Q-InLawDist,Q-CloseFriendDist,Q-Social Distance 3,Q-AttentionCheck,Q-Manipulation Check,Treat_Party,Treat_Frame,InParty,OutParty,InPartyNoun,OutPartyNoun,GovParty,GovPartyNoun
Start Date,End Date,Response Type,Progress,Duration (in seconds),Finished,Recorded Date,Distribution Channel,User Language,Please select your age range.,Please select your gender.,"Please select your race. (For the purposes of this survey, Hispanic origin is not a race.)","Generally speaking, do you usually think of yourself as a Democrat, a Republican, an independent, or what? - Selected Choice","Generally speaking, do you usually think of yourself as a Democrat, a Republican, an independent, or what? - Other Party (Please Specify) - Text",Would you call yourself a strong [QID1-ChoiceGroup-SelectedChoices] or a not very strong [QID1-ChoiceGroup-SelectedChoices]?,Do you think of yourself as closer to the Republican Party or to the Democratic Party?,How would you rate people who belong to the Republican Party? - Rating of people who belong to the Democratic party,How would you rate people who belong to the Democratic Party? - Rating of people who belong to the Democratic party,"How important is it to you that the government in your state follows established democratic rules and norms, even if that means your party loses an election?",State governors often need to make decisions that could hold consequences for democracy in their state. Which of the following political actions would you consider the greatest threat to democratic governance?,"If this governor ran for re-election, how likely would you be to vote for them?",How comfortable would you feel if you had a child who married a [Field-OutPartyNoun]?,How comfortable would you feel having a close personal friend who is a [Field-OutPartyNoun]?,How comfortable would you feel having a [Field-OutPartyNoun] move in next door to you?,"In the news article you just read, was the governor a Republican, a Democrat, or not specified?","Among these options, which one do you think most clearly describes why the state governor took the actions described in the news article?",Treat_Party,Treat_Frame,InParty,OutParty,InPartyNoun,OutPartyNoun,GovParty,GovPartyNoun
"{""ImportId"":""startDate"",""timeZone"":""America/Denver""}","{""ImportId"":""endDate"",""timeZone"":""America/Denver""}","{""ImportId"":""status""}","{""ImportId"":""progress""}","{""ImportId"":""duration""}","{""ImportId"":""finished""}","{""ImportId"":""recordedDate"",""timeZone"":""America/Denver""}","{""ImportId"":""distributionChannel""}","{""ImportId"":""userLanguage""}","{""ImportId"":""QID9""}","{""ImportId"":""QID10""}","{""ImportId"":""QID11""}","{""ImportId"":""QID1""}","{""ImportId"":""QID1_4_TEXT""}","{""ImportId"":""QID4""}","{""ImportId"":""QID7""}","{""ImportId"":""QID8_1""}","{""ImportId"":""QID16_1""}","{""ImportId"":""QID12""}","{""ImportId"":""QID13""}","{""ImportId"":""QID17""}","{""ImportId"":""QID18""}","{""ImportId"":""QID29""}","{""ImportId"":""QID31""}","{""ImportId"":""QID25""}","{""ImportId"":""QID28""}","{""ImportId"":""Treat_Party""}","{""ImportId"":""Treat_Frame""}","{""ImportId"":""InParty""}","{""ImportId"":""OutParty""}","{""ImportId"":""InPartyNoun""}","{""ImportId"":""OutPartyNoun""}","{""ImportId"":""GovParty""}","{""ImportId"":""GovPartyNoun""}"
4/28/26 8:01,4/28/26 8:01,Survey Test,100,0,TRUE,4/28/26 8:01,test,,75 - 84,Female,Asian,Democrat,,Not Very Strong,,36,63,Important,Manipulating geographic boundaries of election districts,Unlikely,Very uncomfortable,Somewhat uncomfortable,Somewhat uncomfortable,Democrat,The governor took this action to pursue a specific policy outcome.,OutParty,Electoral,Democratic,Republican,Democrat,Republican,Republican,Republican
4/28/26 8:01,4/28/26 8:01,Survey Test,100,1,TRUE,4/28/26 8:01,test,,65 - 74,Non-binary / third gender,Asian,Democrat,,Not Very Strong,,68,68,Low importance,Directing law enforcement to investigate politicians of the opposing party,Neither likely nor unlikely,Somewhat uncomfortable,Very uncomfortable,Somewhat uncomfortable,Republican,The governor took this action in an effort to reshape democratic norms and institutions,OutParty,Electoral,Democratic,Republican,Democrat,Republican,Republican,Republican
4/28/26 8:01,4/28/26 8:01,Survey Test,100,0,TRUE,4/28/26 8:01,test,,35 - 44,Female,White,Other Party (Please Specify),"Nonummy diam vitae fringilla quam id, viverra etiam? Interdum blandit turpis quis tempora.",,Neither,25,73,Slightly important,Banning political rallies,Somewhat unlikely,Very comfortable,Somewhat uncomfortable,Somewhat comfortable,Republican,The governor took this action in an effort to reshape democratic norms and institutions,InParty,Democracy,Democratic,Republican,Democrat,Republican,Democratic,
4/28/26 8:01,4/28/26 8:01,Survey Test,100,0,TRUE,4/28/26 8:01,test,,85 or older,Prefer not to say,Black or African American,Independent,,,Neither,37,69,Very important,Restructuring the state’s highest court in the incumbent’s favor,Somewhat likely,Very comfortable,Uncomfortable,Somewhat uncomfortable,Democrat,The governor took this action to pursue a specific policy outcome.,OutParty,Electoral,Democratic,Republican,Democrat,Republican,Republican,Republican
4/28/26 8:01,4/28/26 8:01,Survey Test,100,0,TRUE,4/28/26 8:01,test,,45 - 54,Prefer not to say,White,Republican,,Strong,,88,9,Extremely important,Directing law enforcement to investigate politicians of the opposing party,Very likely,Somewhat comfortable,Very uncomfortable,Very uncomfortable,Republican,The governor took this action to pursue a specific policy outcome.,Control,Electoral,Republican,Democratic,Republican,Democrat,,
4/28/26 8:01,4/28/26 8:01,Survey Test,100,0,TRUE,4/28/26 8:01,test,,18 - 24,Non-binary / third gender,Black or African American,Other Party (Please Specify),Lorem vestibulum facilisi donec ultrices tortor ullamcorper integer. Imperdiet porttitor. Curabitur.,,Closer to Democratic Party,10,98,Not at all important,Directing law enforcement to investigate politicians of the opposing party,Very unlikely,Comfortable,Uncomfortable,Neither comfortable nor uncomfortable,Republican,The governor took this action to pursue a specific policy outcome.,InParty,Electoral,Democratic,Republican,Democrat,Republican,Democratic,
4/28/26 8:01,4/28/26 8:01,Survey Test,100,0,TRUE,4/28/26 8:01,test,,85 or older,Female,American Indian or Alaska Native,Other Party (Please Specify),Purus purus eu sit donec vehicula. Tempor. Molestie praesent integer pretium platea posuere.,,Neither,59,32,Extremely important,Directing law enforcement to investigate politicians of the opposing party,Unlikely,Somewhat comfortable,Somewhat comfortable,Somewhat uncomfortable,Republican,The governor took this action to pursue a specific policy outcome.,InParty,Democracy,Republican,Democratic,Republican,Democrat,Republican,
4/28/26 8:01,4/28/26 8:01,Survey Test,100,0,TRUE,4/28/26 8:01,test,,85 or older,Prefer not to say,Asian,Other Party (Please Specify),"Diam! Non faucibus pede dignissim. Magnis. Justo! Ante, phasellus purus placerat augue enim eros. Faucibus.",,Closer to Republican Party,27,15,Slightly important,Restructuring the state’s highest court in the incumbent’s favor,Unlikely,Very uncomfortable,Somewhat comfortable,Very comfortable,Republican,The governor took this action to gain an electoral advantage or to respond to similar actions taken by the other party in the past,InParty,Electoral,Republican,Democratic,Republican,Democrat,Republican,
4/28/26 8:01,4/28/26 8:01,Survey Test,100,1,TRUE,4/28/26 8:01,test,,45 - 54,Non-binary / third gender,American Indian or Alaska Native,No Preference,,,Neither,36,45,Slightly important,Manipulating geographic boundaries of election districts,Somewhat unlikely,Somewhat uncomfortable,Somewhat uncomfortable,Uncomfortable,Democrat,The governor took this action to pursue a specific policy outcome.,InParty,Electoral,Republican,Democratic,Republican,Democrat,Republican,
4/28/26 8:01,4/28/26 8:01,Survey Test,100,0,TRUE,4/28/26 8:01,test,,55 - 64,Prefer not to say,White,No Preference,,,Closer to Democratic Party,18,65,Extremely important,Prosecuting journalists for unfair news coverage,Likely,Somewhat comfortable,Neither comfortable nor uncomfortable,Uncomfortable,Not Specified,The governor took this action to gain an electoral advantage or to respond to similar actions taken by the other party in the past,InParty,Policy,Democratic,Republican,Democrat,Republican,Democratic,
4/28/26 8:01,4/28/26 8:01,Survey Test,100,0,TRUE,4/28/26 8:01,test,,55 - 64,Female,Black or African American,Other Party (Please Specify),Porta molestie pellentesque volutpat volutpat aliquam suspendisse facilisis tempor accusamus euismod elementum.,,Closer to Republican Party,43,43,Very important,Prosecuting journalists for unfair news coverage,Neither likely nor unlikely,Somewhat uncomfortable,Very uncomfortable,Very comfortable,Not Specified,The governor took this action to pursue a specific policy outcome.,OutParty,Democracy,Republican,Democratic,Republican,Democrat,Democratic,Democrat
4/28/26 8:01,4/28/26 8:01,Survey Test,100,0,TRUE,4/28/26 8:01,test,,85 or older,Male,American Indian or Alaska Native,Independent,,,Closer to Republican Party,90,86,Moderately important,Banning political rallies,Very likely,Somewhat uncomfortable,Somewhat comfortable,Somewhat uncomfortable,Not Specified,The governor took this action in an effort to reshape democratic norms and institutions,InParty,Policy,Republican,Democratic,Republican,Democrat,Republican,
4/28/26 8:01,4/28/26 8:01,Survey Test,100,1,TRUE,4/28/26 8:01,test,,18 - 24,Male,Black or African American,Other Party (Please Specify),Vel molestie! Donec commodo magna curabitur proin auctor aliquet primis malesuada viverra.,,Neither,11,93,Important,Banning political rallies,Likely,Somewhat uncomfortable,Comfortable,Somewhat uncomfortable,Democrat,The governor took this action to gain an electoral advantage or to respond to similar actions taken by the other party in the past,OutParty,Electoral,Democratic,Republican,Democrat,Republican,Republican,Republican
4/28/26 8:01,4/28/26 8:01,Survey Test,100,0,TRUE,4/28/26 8:01,test,,25 - 34,Male,Other,Republican,,Not Very Strong,,59,8,Important,Directing law enforcement to investigate politicians of the opposing party,Likely,Somewhat comfortable,Very uncomfortable,Neither comfortable nor uncomfortable,Democrat,The governor took this action to pursue a specific policy outcome.,OutParty,Policy,Republican,Democratic,Republican,Democrat,Democratic,Democrat
4/28/26 8:01,4/28/26 8:01,Survey Test,100,0,TRUE,4/28/26 8:01,test,,25 - 34,Prefer not to say,White,Independent,,,Closer to Democratic Party,97,78,Slightly important,Prosecuting journalists for unfair news coverage,Somewhat likely,Very comfortable,Somewhat comfortable,Uncomfortable,Not Specified,The governor took this action to pursue a specific policy outcome.,OutParty,Policy,Democratic,Republican,Democrat,Republican,Republican,Republican
4/28/26 8:01,4/28/26 8:01,Survey Test,100,0,TRUE,4/28/26 8:01,test,,65 - 74,Non-binary / third gender,White,No Preference,,,Neither,45,52,Very important,Prosecuting journalists for unfair news coverage,Very unlikely,Neither comfortable nor uncomfortable,Very Comfortable,Somewhat uncomfortable,Democrat,The governor took this action to pursue a specific policy outcome.,Control,Democracy,Republican,Democratic,Republican,Democrat,,
4/28/26 8:01,4/28/26 8:01,Survey Test,100,0,TRUE,4/28/26 8:01,test,,18 - 24,Non-binary / third gender,Asian,Republican,,Strong,,21,56,Important,Restructuring the state’s highest court in the incumbent’s favor,Somewhat unlikely,Neither comfortable nor uncomfortable,Comfortable,Comfortable,Not Specified,The governor took this action to gain an electoral advantage or to respond to similar actions taken by the other party in the past,InParty,Policy,Republican,Democratic,Republican,Democrat,Republican,
4/28/26 8:01,4/28/26 8:01,Survey Test,100,0,TRUE,4/28/26 8:01,test,,35 - 44,Male,Asian,No Preference,,,Closer to Democratic Party,52,18,Slightly important,Directing law enforcement to investigate politicians of the opposing party,Somewhat likely,Very comfortable,Comfortable,Very uncomfortable,Democrat,The governor took this action to gain an electoral advantage or to respond to similar actions taken by the other party in the past,Control,Democracy,Democratic,Republican,Democrat,Republican,,
4/28/26 8:01,4/28/26 8:01,Survey Test,100,0,TRUE,4/28/26 8:01,test,,18 - 24,Female,White,Other Party (Please Specify),Dignissim amet ridiculus porttitor ipsum mi convallis. Elementum luctus. Et.,,Closer to Democratic Party,65,21,Slightly important,Directing law enforcement to investigate politicians of the opposing party,Very unlikely,Comfortable,Somewhat comfortable,Comfortable,Democrat,The governor took this action to gain an electoral advantage or to respond to similar actions taken by the other party in the past,Control,Policy,Democratic,Republican,Democrat,Republican,,
4/28/26 8:01,4/28/26 8:01,Survey Test,100,1,TRUE,4/28/26 8:01,test,,35 - 44,Female,American Indian or Alaska Native,Democrat,,Not Very Strong,,43,95,Slightly important,Prosecuting journalists for unfair news coverage,Somewhat likely,Neither comfortable nor uncomfortable,Somewhat comfortable,Very comfortable,Democrat,The governor took this action to gain an electoral advantage or to respond to similar actions taken by the other party in the past,OutParty,Policy,Democratic,Republican,Democrat,Republican,Republican,Republican
4/28/26 8:01,4/28/26 8:01,Survey Test,100,0,TRUE,4/28/26 8:01,test,,55 - 64,Male,American Indian or Alaska Native,Other Party (Please Specify),"Felis? Tortor luctus suspendisse magna sem ultrices. Augue, viverra donec ridiculus sagittis. Sit atque morbi.",,Closer to Republican Party,22,15,Extremely important,Prosecuting journalists for unfair news coverage,Unlikely,Comfortable,Comfortable,Comfortable,Not Specified,The governor took this action to gain an electoral advantage or to respond to similar actions taken by the other party in the past,OutParty,Democracy,Republican,Democratic,Republican,Democrat,Democratic,Democrat
4/28/26 8:01,4/28/26 8:01,Survey Test,100,0,TRUE,4/28/26 8:01,test,,65 - 74,Prefer not to say,Native Hawaiian or Pacific Islander,Independent,,,Closer to Republican Party,95,34,Slightly important,Prosecuting journalists for unfair news coverage,Very unlikely,Somewhat uncomfortable,Comfortable,Somewhat comfortable,Not Specified,The governor took this action to pursue a specific policy outcome.,Control,Democracy,Republican,Democratic,Republican,Democrat,,
4/28/26 8:01,4/28/26 8:01,Survey Test,100,1,TRUE,4/28/26 8:01,test,,25 - 34,Male,Other,Democrat,,Strong,,32,35,Slightly important,Prosecuting journalists for unfair news coverage,Somewhat likely,Very uncomfortable,Uncomfortable,Somewhat comfortable,Republican,The governor took this action in an effort to reshape democratic norms and institutions,OutParty,Electoral,Democratic,Republican,Democrat,Republican,Republican,Republican
4/28/26 8:01,4/28/26 8:01,Survey Test,100,0,TRUE,4/28/26 8:01,test,,55 - 64,Male,White,Other Party (Please Specify),"Felis pede sit wisi nibh dui proin potenti, lorem mattis purus platea aliquet.",,Closer to Democratic Party,60,3,Slightly important,Manipulating geographic boundaries of election districts,Neither likely nor unlikely,Comfortable,Neither comfortable nor uncomfortable,Somewhat uncomfortable,Not Specified,The governor took this action to pursue a specific policy outcome.,InParty,Electoral,Democratic,Republican,Democrat,Republican,Democratic,
4/28/26 8:01,4/28/26 8:01,Survey Test,100,0,TRUE,4/28/26 8:01,test,,18 - 24,Prefer not to say,White,Republican,,Not Very Strong,,89,67,Extremely important,Restructuring the state’s highest court in the incumbent’s favor,Somewhat unlikely,Very uncomfortable,Very uncomfortable,Somewhat uncomfortable,Not Specified,The governor took this action to pursue a specific policy outcome.,Control,Policy,Republican,Democratic,Republican,Democrat,,
4/28/26 8:01,4/28/26 8:01,Survey Test,100,0,TRUE,4/28/26 8:01,test,,85 or older,Non-binary / third gender,Other,No Preference,,,Closer to Democratic Party,7,100,Very important,Directing law enforcement to investigate politicians of the opposing party,Very unlikely,Somewhat comfortable,Very uncomfortable,Uncomfortable,Not Specified,The governor took this action to pursue a specific policy outcome.,OutParty,Policy,Democratic,Republican,Democrat,Republican,Republican,Republican
4/28/26 8:01,4/28/26 8:01,Survey Test,100,0,TRUE,4/28/26 8:01,test,,55 - 64,Prefer not to say,American Indian or Alaska Native,Independent,,,Closer to Republican Party,58,10,Low importance,Banning political rallies,Very unlikely,Neither comfortable nor uncomfortable,Somewhat uncomfortable,Somewhat uncomfortable,Republican,The governor took this action to gain an electoral advantage or to respond to similar actions taken by the other party in the past,InParty,Policy,Republican,Democratic,Republican,Democrat,Republican,
4/28/26 8:01,4/28/26 8:01,Survey Test,100,0,TRUE,4/28/26 8:01,test,,45 - 54,Non-binary / third gender,Native Hawaiian or Pacific Islander,Other Party (Please Specify),"Mi aliquam, pretium? Enim ultricies! Pede laoreet sed vitae ultricies quam morbi. Vel fringilla aliquet.",,Closer to Republican Party,20,88,Not at all important,Directing law enforcement to investigate politicians of the opposing party,Likely,Comfortable,Somewhat uncomfortable,Uncomfortable,Not Specified,The governor took this action in an effort to reshape democratic norms and institutions,OutParty,Policy,Republican,Democratic,Republican,Democrat,Democratic,Democrat
4/28/26 8:01,4/28/26 8:01,Survey Test,100,0,TRUE,4/28/26 8:01,test,,45 - 54,Non-binary / third gender,American Indian or Alaska Native,No Preference,,,Closer to Democratic Party,31,19,Extremely important,Directing law enforcement to investigate politicians of the opposing party,Very likely,Comfortable,Somewhat uncomfortable,Very comfortable,Republican,The governor took this action in an effort to reshape democratic norms and institutions,InParty,Democracy,Democratic,Republican,Democrat,Republican,Democratic,
4/28/26 8:01,4/28/26 8:01,Survey Test,100,0,TRUE,4/28/26 8:01,test,,85 or older,Female,Native Hawaiian or Pacific Islander,No Preference,,,Closer to Republican Party,31,70,Low importance,Banning political rallies,Somewhat likely,Neither comfortable nor uncomfortable,Very Comfortable,Uncomfortable,Democrat,The governor took this action in an effort to reshape democratic norms and institutions,InParty,Democracy,Republican,Democratic,Republican,Democrat,Republican,
4/28/26 8:05,4/28/26 8:05,Survey Test,100,0,TRUE,4/28/26 8:05,test,,85 or older,Female,Black or African American,Other Party (Please Specify),Montes! Nulla molestie id bibendum massa vulputate ullamcorper! Nibh lectus ridiculus pellentesque curabitur integer.,,Closer to Republican Party,34,98,Slightly important,Restructuring the state’s highest court in the incumbent’s favor,Very likely,Somewhat comfortable,Uncomfortable,Uncomfortable,Not Specified,The governor took this action to gain an electoral advantage or to respond to similar actions taken by the other party in the past,InParty,Democracy,Republican,Democratic,Republican,Democrat,Republican,
4/28/26 8:05,4/28/26 8:05,Survey Test,100,0,TRUE,4/28/26 8:05,test,,45 - 54,Female,Native Hawaiian or Pacific Islander,Republican,,Not Very Strong,,15,56,Low importance,Restructuring the state’s highest court in the incumbent’s favor,Somewhat unlikely,Somewhat uncomfortable,Uncomfortable,Somewhat uncomfortable,Republican,The governor took this action to gain an electoral advantage or to respond to similar actions taken by the other party in the past,OutParty,Electoral,Republican,Democratic,Republican,Democrat,Democratic,Democrat
4/28/26 8:05,4/28/26 8:05,Survey Test,100,0,TRUE,4/28/26 8:05,test,,55 - 64,Non-binary / third gender,White,Democrat,,Strong,,6,61,Important,Manipulating geographic boundaries of election districts,Very unlikely,Very comfortable,Very uncomfortable,Very uncomfortable,Democrat,The governor took this action to gain an electoral advantage or to respond to similar actions taken by the other party in the past,InParty,Policy,Democratic,Republican,Democrat,Republican,Democratic,
4/28/26 8:05,4/28/26 8:05,Survey Test,100,1,TRUE,4/28/26 8:05,test,,18 - 24,Female,Black or African American,Independent,,,Neither,15,31,Low importance,Manipulating geographic boundaries of election districts,Somewhat unlikely,Uncomfortable,Comfortable,Comfortable,Democrat,The governor took this action in an effort to reshape democratic norms and institutions,InParty,Democracy,Republican,Democratic,Republican,Democrat,Republican,
4/28/26 8:05,4/28/26 8:05,Survey Test,100,0,TRUE,4/28/26 8:05,test,,55 - 64,Female,Asian,Other Party (Please Specify),"Ante sem. Diam donec morbi leo dapibus, ipsum magna curabitur? Porttitor dui.",,Closer to Republican Party,55,14,Moderately important,Restructuring the state’s highest court in the incumbent’s favor,Unlikely,Uncomfortable,Somewhat uncomfortable,Neither comfortable nor uncomfortable,Democrat,The governor took this action in an effort to reshape democratic norms and institutions,Control,Democracy,Republican,Democratic,Republican,Democrat,,
4/28/26 8:05,4/28/26 8:05,Survey Test,100,1,TRUE,4/28/26 8:05,test,,75 - 84,Female,White,Other Party (Please Specify),Metus odio velit wisi eu neque dolor in pede? Lorem morbi quis quis vestibulum.,,Closer to Republican Party,9,87,Not at all important,Banning political rallies,Somewhat unlikely,Somewhat uncomfortable,Somewhat uncomfortable,Very comfortable,Republican,The governor took this action to gain an electoral advantage or to respond to similar actions taken by the other party in the past,OutParty,Electoral,Republican,Democratic,Republican,Democrat,Democratic,Democrat
4/28/26 8:05,4/28/26 8:05,Survey Test,100,0,TRUE,4/28/26 8:05,test,,Under 18,,,,,,,,,,,,,,,,,Control,Policy,,,,,,
4/28/26 8:05,4/28/26 8:05,Survey Test,100,0,TRUE,4/28/26 8:05,test,,25 - 34,Female,White,Republican,,Not Very Strong,,52,96,Moderately important,Directing law enforcement to investigate politicians of the opposing party,Unlikely,Neither comfortable nor uncomfortable,Very uncomfortable,Neither comfortable nor uncomfortable,Democrat,The governor took this action in an effort to reshape democratic norms and institutions,InParty,Policy,Republican,Democratic,Republican,Democrat,Republican,
4/28/26 8:05,4/28/26 8:05,Survey Test,100,0,TRUE,4/28/26 8:05,test,,85 or older,Male,Black or African American,Independent,,,Closer to Republican Party,90,11,Extremely important,Manipulating geographic boundaries of election districts,Somewhat unlikely,Somewhat comfortable,Somewhat uncomfortable,Neither comfortable nor uncomfortable,Republican,The governor took this action in an effort to reshape democratic norms and institutions,OutParty,Policy,Republican,Democratic,Republican,Democrat,Democratic,Democrat
4/28/26 8:05,4/28/26 8:05,Survey Test,100,0,TRUE,4/28/26 8:05,test,,35 - 44,Prefer not to say,Black or African American,Other Party (Please Specify),Sem maecenas. Praesent? Rhoncus id pharetra nunc. Nonummy quis ligula nunc aenean massa.,,Closer to Republican Party,24,85,Very important,Manipulating geographic boundaries of election districts,Somewhat likely,Somewhat uncomfortable,Very uncomfortable,Comfortable,Republican,The governor took this action to gain an electoral advantage or to respond to similar actions taken by the other party in the past,OutParty,Policy,Republican,Democratic,Republican,Democrat,Democratic,Democrat
4/28/26 8:05,4/28/26 8:05,Survey Test,100,0,TRUE,4/28/26 8:05,test,,25 - 34,Prefer not to say,Other,Independent,,,Closer to Democratic Party,58,95,Moderately important,Manipulating geographic boundaries of election districts,Somewhat likely,Somewhat uncomfortable,Somewhat uncomfortable,Uncomfortable,Democrat,The governor took this action in an effort to reshape democratic norms and institutions,OutParty,Policy,Democratic,Republican,Democrat,Republican,Republican,Republican
4/28/26 8:05,4/28/26 8:05,Survey Test,100,0,TRUE,4/28/26 8:05,test,,25 - 34,Prefer not to say,Asian,Independent,,,Closer to Republican Party,68,21,Low importance,Banning political rallies,Somewhat unlikely,Neither comfortable nor uncomfortable,Uncomfortable,Somewhat uncomfortable,Republican,The governor took this action to gain an electoral advantage or to respond to similar actions taken by the other party in the past,OutParty,Policy,Republican,Democratic,Republican,Democrat,Democratic,Democrat
4/28/26 8:05,4/28/26 8:05,Survey Test,100,0,TRUE,4/28/26 8:05,test,,85 or older,Male,White,No Preference,,,Closer to Republican Party,28,100,Extremely important,Restructuring the state’s highest court in the incumbent’s favor,Very unlikely,Neither comfortable nor uncomfortable,Neither comfortable nor uncomfortable,Uncomfortable,Democrat,The governor took this action to gain an electoral advantage or to respond to similar actions taken by the other party in the past,OutParty,Policy,Republican,Democratic,Republican,Democrat,Democratic,Democrat
4/28/26 8:05,4/28/26 8:05,Survey Test,100,0,TRUE,4/28/26 8:05,test,,65 - 74,Female,Native Hawaiian or Pacific Islander,Democrat,,Not Very Strong,,47,92,Not at all important,Prosecuting journalists for unfair news coverage,Somewhat likely,Neither comfortable nor uncomfortable,Uncomfortable,Comfortable,Democrat,The governor took this action to pursue a specific policy outcome.,InParty,Democracy,Democratic,Republican,Democrat,Republican,Democratic,
4/28/26 8:05,4/28/26 8:05,Survey Test,100,0,TRUE,4/28/26 8:05,test,,45 - 54,Prefer not to say,White,Democrat,,Not Very Strong,,17,10,Low importance,Prosecuting journalists for unfair news coverage,Somewhat unlikely,Somewhat comfortable,Somewhat comfortable,Somewhat uncomfortable,Democrat,The governor took this action in an effort to reshape democratic norms and institutions,InParty,Electoral,Democratic,Republican,Democrat,Republican,Democratic,
4/28/26 8:05,4/28/26 8:05,Survey Test,100,0,TRUE,4/28/26 8:05,test,,85 or older,Prefer not to say,American Indian or Alaska Native,Republican,,Not Very Strong,,45,88,Moderately important,Prosecuting journalists for unfair news coverage,Neither likely nor unlikely,Very comfortable,Neither comfortable nor uncomfortable,Neither comfortable nor uncomfortable,Democrat,The governor took this action to pursue a specific policy outcome.,OutParty,Electoral,Republican,Democratic,Republican,Democrat,Democratic,Democrat
4/28/26 8:05,4/28/26 8:05,Survey Test,100,0,TRUE,4/28/26 8:05,test,,18 - 24,Prefer not to say,Asian,Republican,,Not Very Strong,,89,81,Moderately important,Banning political rallies,Very likely,Comfortable,Very uncomfortable,Uncomfortable,Republican,The governor took this action to pursue a specific policy outcome.,Control,Policy,Republican,Democratic,Republican,Democrat,,
4/28/26 8:05,4/28/26 8:05,Survey Test,100,0,TRUE,4/28/26 8:05,test,,35 - 44,Non-binary / third gender,Other,No Preference,,,Closer to Republican Party,40,58,Extremely important,Directing law enforcement to investigate politicians of the opposing party,Unlikely,Somewhat uncomfortable,Somewhat comfortable,Comfortable,Democrat,The governor took this action to gain an electoral advantage or to respond to similar actions taken by the other party in the past,Control,Democracy,Republican,Democratic,Republican,Democrat,,
4/28/26 8:05,4/28/26 8:05,Survey Test,100,0,TRUE,4/28/26 8:05,test,,85 or older,Prefer not to say,Other,Democrat,,Not Very Strong,,95,45,Very important,Prosecuting journalists for unfair news coverage,Likely,Very comfortable,Uncomfortable,Neither comfortable nor uncomfortable,Not Specified,The governor took this action to pursue a specific policy outcome.,Control,Policy,Democratic,Republican,Democrat,Republican,,
4/28/26 8:05,4/28/26 8:05,Survey Test,100,0,TRUE,4/28/26 8:05,test,,45 - 54,Female,White,No Preference,,,Neither,65,72,Very important,Restructuring the state’s highest court in the incumbent’s favor,Somewhat unlikely,Neither comfortable nor uncomfortable,Neither comfortable nor uncomfortable,Somewhat comfortable,Not Specified,The governor took this action to gain an electoral advantage or to respond to similar actions taken by the other party in the past,Control,Electoral,Republican,Democratic,Republican,Democrat,,
4/28/26 8:05,4/28/26 8:05,Survey Test,100,0,TRUE,4/28/26 8:05,test,,35 - 44,Non-binary / third gender,Asian,Independent,,,Closer to Democratic Party,72,39,Slightly important,Manipulating geographic boundaries of election districts,Very likely,Uncomfortable,Uncomfortable,Somewhat comfortable,Not Specified,The governor took this action to gain an electoral advantage or to respond to similar actions taken by the other party in the past,InParty,Policy,Democratic,Republican,Democrat,Republican,Democratic,
4/28/26 8:05,4/28/26 8:05,Survey Test,100,0,TRUE,4/28/26 8:05,test,,35 - 44,Female,American Indian or Alaska Native,Other Party (Please Specify),"Amet malesuada sollicitudin aliquet ac sagittis platea primis! Venenatis, integer mattis in.",,Closer to Republican Party,54,95,Low importance,Manipulating geographic boundaries of election districts,Very unlikely,Neither comfortable nor uncomfortable,Comfortable,Uncomfortable,Not Specified,The governor took this action to gain an electoral advantage or to respond to similar actions taken by the other party in the past,OutParty,Policy,Republican,Democratic,Republican,Democrat,Democratic,Democrat
4/28/26 8:05,4/28/26 8:05,Survey Test,100,0,TRUE,4/28/26 8:05,test,,45 - 54,Non-binary / third gender,Asian,Democrat,,Not Very Strong,,18,96,Slightly important,Banning political rallies,Neither likely nor unlikely,Somewhat uncomfortable,Uncomfortable,Comfortable,Democrat,The governor took this action to gain an electoral advantage or to respond to similar actions taken by the other party in the past,InParty,Policy,Democratic,Republican,Democrat,Republican,Democratic,
4/28/26 8:05,4/28/26 8:05,Survey Test,100,1,TRUE,4/28/26 8:05,test,,35 - 44,Male,Black or African American,No Preference,,,Closer to Democratic Party,34,41,Slightly important,Prosecuting journalists for unfair news coverage,Likely,Very comfortable,Very uncomfortable,Somewhat uncomfortable,Democrat,The governor took this action in an effort to reshape democratic norms and institutions,InParty,Electoral,Democratic,Republican,Democrat,Republican,Democratic,
4/28/26 8:05,4/28/26 8:05,Survey Test,100,0,TRUE,4/28/26 8:05,test,,45 - 54,Non-binary / third gender,American Indian or Alaska Native,Other Party (Please Specify),Diam. Cras magna a viverra consequat in consectetuer mattis fusce wisi? Scelerisque.,,Closer to Democratic Party,30,2,Slightly important,Manipulating geographic boundaries of election districts,Unlikely,Very uncomfortable,Somewhat uncomfortable,Somewhat uncomfortable,Republican,The governor took this action to gain an electoral advantage or to respond to similar actions taken by the other party in the past,Control,Electoral,Democratic,Republican,Democrat,Republican,,
4/28/26 8:05,4/28/26 8:05,Survey Test,100,1,TRUE,4/28/26 8:05,test,,25 - 34,Male,American Indian or Alaska Native,No Preference,,,Closer to Republican Party,90,7,Low importance,Banning political rallies,Neither likely nor unlikely,Uncomfortable,Somewhat comfortable,Somewhat comfortable,Democrat,The governor took this action in an effort to reshape democratic norms and institutions,InParty,Electoral,Republican,Democratic,Republican,Democrat,Republican,
4/28/26 8:05,4/28/26 8:05,Survey Test,100,0,TRUE,4/28/26 8:05,test,,Under 18,,,,,,,,,,,,,,,,,InParty,Democracy,,,,,,
4/28/26 8:05,4/28/26 8:05,Survey Test,100,0,TRUE,4/28/26 8:05,test,,35 - 44,Prefer not to say,Asian,Democrat,,Strong,,6,17,Slightly important,Banning political rallies,Very likely,Uncomfortable,Somewhat uncomfortable,Somewhat comfortable,Not Specified,The governor took this action in an effort to reshape democratic norms and institutions,InParty,Democracy,Democratic,Republican,Democrat,Republican,Democratic,
4/28/26 8:05,4/28/26 8:05,Survey Test,100,0,TRUE,4/28/26 8:05,test,,35 - 44,Prefer not to say,Black or African American,Independent,,,Neither,60,88,Slightly important,Directing law enforcement to investigate politicians of the opposing party,Very unlikely,Somewhat uncomfortable,Comfortable,Uncomfortable,Not Specified,The governor took this action in an effort to reshape democratic norms and institutions,OutParty,Electoral,Democratic,Republican,Democrat,Republican,Republican,Republican
4/28/26 8:05,4/28/26 8:05,Survey Test,100,1,TRUE,4/28/26 8:05,test,,55 - 64,Non-binary / third gender,American Indian or Alaska Native,Other Party (Please Specify),Diam duis dignissim ultrices leo malesuada bibendum magnis est velit.,,Closer to Democratic Party,65,86,Moderately important,Prosecuting journalists for unfair news coverage,Somewhat unlikely,Uncomfortable,Somewhat comfortable,Somewhat uncomfortable,Not Specified,The governor took this action in an effort to reshape democratic norms and institutions,OutParty,Democracy,Democratic,Republican,Democrat,Republican,Republican,Republican
4/28/26 8:05,4/28/26 8:05,Survey Test,100,0,TRUE,4/28/26 8:05,test,,45 - 54,Male,Native Hawaiian or Pacific Islander,Independent,,,Closer to Democratic Party,17,56,Important,Prosecuting journalists for unfair news coverage,Somewhat unlikely,Very comfortable,Somewhat uncomfortable,Somewhat uncomfortable,Not Specified,The governor took this action to pursue a specific policy outcome.,OutParty,Electoral,Democratic,Republican,Democrat,Republican,Republican,Republican
4/28/26 8:05,4/28/26 8:05,Survey Test,100,1,TRUE,4/28/26 8:05,test,,85 or older,Non-binary / third gender,White,No Preference,,,Closer to Republican Party,99,91,Low importance,Restructuring the state’s highest court in the incumbent’s favor,Very likely,Comfortable,Uncomfortable,Somewhat comfortable,Republican,The governor took this action in an effort to reshape democratic norms and institutions,InParty,Policy,Republican,Democratic,Republican,Democrat,Republican,
4/28/26 8:05,4/28/26 8:05,Survey Test,100,0,TRUE,4/28/26 8:05,test,,35 - 44,Prefer not to say,Other,Republican,,Strong,,6,7,Slightly important,Prosecuting journalists for unfair news coverage,Neither likely nor unlikely,Comfortable,Somewhat uncomfortable,Very uncomfortable,Republican,The governor took this action to pursue a specific policy outcome.,InParty,Policy,Republican,Democratic,Republican,Democrat,Republican,
4/28/26 8:05,4/28/26 8:05,Survey Test,100,0,TRUE,4/28/26 8:05,test,,Under 18,,,,,,,,,,,,,,,,,InParty,Policy,,,,,,
4/28/26 8:05,4/28/26 8:05,Survey Test,100,0,TRUE,4/28/26 8:05,test,,25 - 34,Non-binary / third gender,Other,Other Party (Please Specify),Neque eros malesuada magnis. Sem justo purus. Volutpat ridiculus. Urna maecenas elit wisi! Convallis.,,Closer to Republican Party,24,42,Low importance,Banning political rallies,Likely,Somewhat uncomfortable,Very uncomfortable,Very comfortable,Not Specified,The governor took this action to pursue a specific policy outcome.,InParty,Electoral,Republican,Democratic,Republican,Democrat,Republican,
4/28/26 8:05,4/28/26 8:05,Survey Test,100,0,TRUE,4/28/26 8:05,test,,25 - 34,Non-binary / third gender,Black or African American,No Preference,,,Neither,50,40,Moderately important,Prosecuting journalists for unfair news coverage,Somewhat unlikely,Uncomfortable,Very uncomfortable,Somewhat comfortable,Not Specified,The governor took this action in an effort to reshape democratic norms and institutions,InParty,Policy,Republican,Democratic,Republican,Democrat,Republican,
4/28/26 8:05,4/28/26 8:05,Survey Test,100,0,TRUE,4/28/26 8:05,test,,55 - 64,Non-binary / third gender,American Indian or Alaska Native,Other Party (Please Specify),"Faucibus. Vulputate, sodales. Phasellus sollicitudin diam urna! Proin fusce? Ligula atque euismod eget.",,Closer to Republican Party,36,35,Important,Banning political rallies,Very unlikely,Somewhat comfortable,Very Comfortable,Very uncomfortable,Republican,The governor took this action to gain an electoral advantage or to respond to similar actions taken by the other party in the past,OutParty,Electoral,Republican,Democratic,Republican,Democrat,Democratic,Democrat
4/28/26 8:05,4/28/26 8:05,Survey Test,100,0,TRUE,4/28/26 8:05,test,,25 - 34,Non-binary / third gender,Other,Democrat,,Strong,,16,50,Low importance,Manipulating geographic boundaries of election districts,Somewhat likely,Neither comfortable nor uncomfortable,Very Comfortable,Somewhat uncomfortable,Democrat,The governor took this action in an effort to reshape democratic norms and institutions,OutParty,Policy,Democratic,Republican,Democrat,Republican,Republican,Republican
4/28/26 8:05,4/28/26 8:05,Survey Test,100,0,TRUE,4/28/26 8:05,test,,65 - 74,Female,Other,Independent,,,Closer to Republican Party,0,92,Moderately important,Directing law enforcement to investigate politicians of the opposing party,Neither likely nor unlikely,Very comfortable,Comfortable,Neither comfortable nor uncomfortable,Not Specified,The governor took this action to gain an electoral advantage or to respond to similar actions taken by the other party in the past,OutParty,Electoral,Republican,Democratic,Republican,Democrat,Democratic,Democrat
4/28/26 8:05,4/28/26 8:05,Survey Test,100,0,TRUE,4/28/26 8:05,test,,18 - 24,Prefer not to say,Asian,Other Party (Please Specify),"Porttitor suspendisse? Blandit tempora lacus dolorem orci tortor, gravida tincidunt.",,Neither,4,88,Important,Restructuring the state’s highest court in the incumbent’s favor,Very likely,Neither comfortable nor uncomfortable,Neither comfortable nor uncomfortable,Comfortable,Republican,The governor took this action in an effort to reshape democratic norms and institutions,InParty,Policy,Republican,Democratic,Republican,Democrat,Republican,
4/28/26 8:05,4/28/26 8:05,Survey Test,100,0,TRUE,4/28/26 8:05,test,,75 - 84,Prefer not to say,Black or African American,No Preference,,,Neither,39,56,Low importance,Directing law enforcement to investigate politicians of the opposing party,Somewhat unlikely,Very uncomfortable,Uncomfortable,Somewhat comfortable,Not Specified,The governor took this action in an effort to reshape democratic norms and institutions,InParty,Policy,Democratic,Republican,Democrat,Republican,Democratic,
4/28/26 8:05,4/28/26 8:05,Survey Test,100,0,TRUE,4/28/26 8:05,test,,75 - 84,Female,Other,Independent,,,Closer to Republican Party,8,87,Moderately important,Directing law enforcement to investigate politicians of the opposing party,Very likely,Comfortable,Somewhat comfortable,Uncomfortable,Republican,The governor took this action to gain an electoral advantage or to respond to similar actions taken by the other party in the past,Control,Policy,Republican,Democratic,Republican,Democrat,,
4/28/26 8:05,4/28/26 8:05,Survey Test,100,0,TRUE,4/28/26 8:05,test,,25 - 34,Male,Asian,Independent,,,Closer to Democratic Party,26,20,Very important,Directing law enforcement to investigate politicians of the opposing party,Somewhat unlikely,Somewhat comfortable,Comfortable,Uncomfortable,Democrat,The governor took this action to pursue a specific policy outcome.,InParty,Policy,Democratic,Republican,Democrat,Republican,Democratic,
4/28/26 8:05,4/28/26 8:05,Survey Test,100,0,TRUE,4/28/26 8:05,test,,18 - 24,Non-binary / third gender,White,Republican,,Not Very Strong,,92,58,Extremely important,Prosecuting journalists for unfair news coverage,Very unlikely,Neither comfortable nor uncomfortable,Comfortable,Somewhat comfortable,Democrat,The governor took this action to pursue a specific policy outcome.,Control,Policy,Republican,Democratic,Republican,Democrat,,
4/28/26 8:05,4/28/26 8:05,Survey Test,100,0,TRUE,4/28/26 8:05,test,,75 - 84,Non-binary / third gender,Asian,Other Party (Please Specify),Blandit metus aliquet pellentesque? Potenti porttitor ab. Magna at etiam commodo at nunc vestibulum? Posuere.,,Neither,75,72,Not at all important,Prosecuting journalists for unfair news coverage,Unlikely,Neither comfortable nor uncomfortable,Very Comfortable,Neither comfortable nor uncomfortable,Republican,The governor took this action to gain an electoral advantage or to respond to similar actions taken by the other party in the past,InParty,Electoral,Republican,Democratic,Republican,Democrat,Republican,
4/28/26 8:05,4/28/26 8:05,Survey Test,100,0,TRUE,4/28/26 8:05,test,,85 or older,Male,Native Hawaiian or Pacific Islander,No Preference,,,Closer to Republican Party,50,2,Slightly important,Restructuring the state’s highest court in the incumbent’s favor,Unlikely,Very comfortable,Neither comfortable nor uncomfortable,Uncomfortable,Not Specified,The governor took this action to pursue a specific policy outcome.,InParty,Democracy,Republican,Democratic,Republican,Democrat,Republican,
4/28/26 8:05,4/28/26 8:05,Survey Test,100,0,TRUE,4/28/26 8:05,test,,45 - 54,Prefer not to say,Other,Other Party (Please Specify),"Quis integer vel? Luctus, dolor volutpat luctus ullamcorper sodales. Pellentesque. Cursus aenean est mi sed.",,Closer to Republican Party,9,0,Very important,Restructuring the state’s highest court in the incumbent’s favor,Somewhat unlikely,Somewhat uncomfortable,Very uncomfortable,Somewhat uncomfortable,Not Specified,The governor took this action in an effort to reshape democratic norms and institutions,Control,Electoral,Republican,Democratic,Republican,Democrat,,
4/28/26 8:05,4/28/26 8:05,Survey Test,100,1,TRUE,4/28/26 8:05,test,,55 - 64,Female,White,No Preference,,,Neither,66,41,Moderately important,Directing law enforcement to investigate politicians of the opposing party,Very likely,Very uncomfortable,Very Comfortable,Very comfortable,Republican,The governor took this action to gain an electoral advantage or to respond to similar actions taken by the other party in the past,OutParty,Democracy,Republican,Democratic,Republican,Democrat,Democratic,Democrat
4/28/26 8:05,4/28/26 8:05,Survey Test,100,0,TRUE,4/28/26 8:05,test,,35 - 44,Prefer not to say,Asian,Independent,,,Neither,78,19,Slightly important,Manipulating geographic boundaries of election districts,Very unlikely,Comfortable,Uncomfortable,Somewhat uncomfortable,Not Specified,The governor took this action in an effort to reshape democratic norms and institutions,OutParty,Democracy,Republican,Democratic,Republican,Democrat,Democratic,Democrat
4/28/26 8:05,4/28/26 8:05,Survey Test,100,0,TRUE,4/28/26 8:05,test,,55 - 64,Female,American Indian or Alaska Native,Republican,,Not Very Strong,,46,7,Moderately important,Prosecuting journalists for unfair news coverage,Likely,Somewhat comfortable,Somewhat uncomfortable,Neither comfortable nor uncomfortable,Democrat,The governor took this action to pursue a specific policy outcome.,Control,Electoral,Republican,Democratic,Republican,Democrat,,
4/28/26 8:05,4/28/26 8:05,Survey Test,100,0,TRUE,4/28/26 8:05,test,,55 - 64,Non-binary / third gender,Other,Democrat,,Strong,,66,74,Not at all important,Directing law enforcement to investigate politicians of the opposing party,Somewhat likely,Very comfortable,Comfortable,Very uncomfortable,Not Specified,The governor took this action to pursue a specific policy outcome.,InParty,Electoral,Democratic,Republican,Democrat,Republican,Democratic,
4/28/26 8:05,4/28/26 8:05,Survey Test,100,1,TRUE,4/28/26 8:05,test,,25 - 34,Non-binary / third gender,Native Hawaiian or Pacific Islander,Independent,,,Neither,9,64,Extremely important,Restructuring the state’s highest court in the incumbent’s favor,Very unlikely,Uncomfortable,Comfortable,Uncomfortable,Republican,The governor took this action to gain an electoral advantage or to respond to similar actions taken by the other party in the past,OutParty,Policy,Democratic,Republican,Democrat,Republican,Republican,Republican
4/28/26 8:05,4/28/26 8:05,Survey Test,100,0,TRUE,4/28/26 8:05,test,,85 or older,Female,American Indian or Alaska Native,No Preference,,,Closer to Republican Party,25,90,Slightly important,Restructuring the state’s highest court in the incumbent’s favor,Unlikely,Very uncomfortable,Somewhat comfortable,Somewhat uncomfortable,Democrat,The governor took this action to gain an electoral advantage or to respond to similar actions taken by the other party in the past,OutParty,Policy,Republican,Democratic,Republican,Democrat,Democratic,Democrat
4/28/26 8:05,4/28/26 8:05,Survey Test,100,0,TRUE,4/28/26 8:05,test,,65 - 74,Prefer not to say,White,Republican,,Strong,,30,51,Not at all important,Restructuring the state’s highest court in the incumbent’s favor,Very likely,Somewhat comfortable,Very Comfortable,Somewhat comfortable,Not Specified,The governor took this action in an effort to reshape democratic norms and institutions,Control,Policy,Republican,Democratic,Republican,Democrat,,
4/28/26 8:05,4/28/26 8:05,Survey Test,100,0,TRUE,4/28/26 8:05,test,,25 - 34,Non-binary / third gender,White,Other Party (Please Specify),Atque montes pede. Convallis consequat metus diam eu vel. Eget erat vehicula dapibus. At.,,Neither,1,72,Not at all important,Banning political rallies,Neither likely nor unlikely,Very comfortable,Somewhat uncomfortable,Very uncomfortable,Not Specified,The governor took this action to pursue a specific policy outcome.,OutParty,Electoral,Republican,Democratic,Republican,Democrat,Democratic,Democrat
4/28/26 8:06,4/28/26 8:06,Survey Test,100,0,TRUE,4/28/26 8:06,test,,25 - 34,Female,Native Hawaiian or Pacific Islander,No Preference,,,Closer to Republican Party,60,25,Slightly important,Banning political rallies,Somewhat unlikely,Uncomfortable,Uncomfortable,Neither comfortable nor uncomfortable,Republican,The governor took this action to pursue a specific policy outcome.,Control,Electoral,Republican,Democratic,Republican,Democrat,,
4/28/26 8:06,4/28/26 8:06,Survey Test,100,0,TRUE,4/28/26 8:06,test,,75 - 84,Male,Black or African American,Democrat,,Strong,,79,31,Extremely important,Banning political rallies,Likely,Comfortable,Very uncomfortable,Somewhat uncomfortable,Democrat,The governor took this action to gain an electoral advantage or to respond to similar actions taken by the other party in the past,OutParty,Democracy,Democratic,Republican,Democrat,Republican,Republican,Republican
4/28/26 8:06,4/28/26 8:06,Survey Test,100,0,TRUE,4/28/26 8:06,test,,75 - 84,Prefer not to say,Asian,Other Party (Please Specify),Porttitor praesent cursus! Aliquam porta euismod suscipit augue sed etiam porttitor euismod bibendum.,,Closer to Republican Party,100,84,Very important,Prosecuting journalists for unfair news coverage,Somewhat likely,Neither comfortable nor uncomfortable,Very Comfortable,Uncomfortable,Democrat,The governor took this action to gain an electoral advantage or to respond to similar actions taken by the other party in the past,InParty,Policy,Republican,Democratic,Republican,Democrat,Republican,
4/28/26 8:06,4/28/26 8:06,Survey Test,100,0,TRUE,4/28/26 8:06,test,,85 or older,Prefer not to say,American Indian or Alaska Native,Other Party (Please Specify),At convallis aenean felis luctus. Maecenas est auctor porttitor sed consequat.,,Neither,39,0,Extremely important,Banning political rallies,Somewhat likely,Very uncomfortable,Somewhat comfortable,Uncomfortable,Republican,The governor took this action in an effort to reshape democratic norms and institutions,OutParty,Electoral,Democratic,Republican,Democrat,Republican,Republican,Republican
4/28/26 8:06,4/28/26 8:06,Survey Test,100,0,TRUE,4/28/26 8:06,test,,85 or older,Male,Native Hawaiian or Pacific Islander,Other Party (Please Specify),Consectetuer sit ligula. Cras! Fringilla ullamcorper leo. Luctus commodo venenatis phasellus fusce.,,Closer to Democratic Party,73,21,Important,Prosecuting journalists for unfair news coverage,Likely,Neither comfortable nor uncomfortable,Somewhat uncomfortable,Somewhat comfortable,Republican,The governor took this action to gain an electoral advantage or to respond to similar actions taken by the other party in the past,InParty,Electoral,Democratic,Republican,Democrat,Republican,Democratic,
4/28/26 8:06,4/28/26 8:06,Survey Test,100,0,TRUE,4/28/26 8:06,test,,45 - 54,Male,American Indian or Alaska Native,Other Party (Please Specify),"Est mi natoque primis pede nullam venenatis magnis platea dignissim curabitur quam commodo, per vestibulum.",,Neither,84,6,Slightly important,Prosecuting journalists for unfair news coverage,Very likely,Comfortable,Very uncomfortable,Somewhat uncomfortable,Not Specified,The governor took this action to gain an electoral advantage or to respond to similar actions taken by the other party in the past,OutParty,Democracy,Democratic,Republican,Democrat,Republican,Republican,Republican
4/28/26 8:06,4/28/26 8:06,Survey Test,100,0,TRUE,4/28/26 8:06,test,,55 - 64,Prefer not to say,American Indian or Alaska Native,Other Party (Please Specify),"Dui. Porttitor rhoncus temporibus sagittis fusce volutpat quam ullamcorper potenti, lectus.",,Closer to Democratic Party,44,22,Very important,Prosecuting journalists for unfair news coverage,Very likely,Neither comfortable nor uncomfortable,Somewhat comfortable,Neither comfortable nor uncomfortable,Republican,The governor took this action to gain an electoral advantage or to respond to similar actions taken by the other party in the past,Control,Electoral,Democratic,Republican,Democrat,Republican,,
4/28/26 8:06,4/28/26 8:06,Survey Test,100,0,TRUE,4/28/26 8:06,test,,18 - 24,Female,American Indian or Alaska Native,No Preference,,,Closer to Republican Party,99,16,Moderately important,Prosecuting journalists for unfair news coverage,Unlikely,Comfortable,Somewhat comfortable,Comfortable,Democrat,The governor took this action to gain an electoral advantage or to respond to similar actions taken by the other party in the past,InParty,Democracy,Republican,Democratic,Republican,Democrat,Republican,
4/28/26 8:06,4/28/26 8:06,Survey Test,100,0,TRUE,4/28/26 8:06,test,,45 - 54,Prefer not to say,White,Democrat,,Not Very Strong,,59,48,Important,Restructuring the state’s highest court in the incumbent’s favor,Likely,Somewhat uncomfortable,Somewhat uncomfortable,Very comfortable,Democrat,The governor took this action to gain an electoral advantage or to respond to similar actions taken by the other party in the past,InParty,Democracy,Democratic,Republican,Democrat,Republican,Democratic,
4/28/26 8:06,4/28/26 8:06,Survey Test,100,0,TRUE,4/28/26 8:06,test,,75 - 84,Prefer not to say,Native Hawaiian or Pacific Islander,Independent,,,Closer to Republican Party,44,88,Slightly important,Restructuring the state’s highest court in the incumbent’s favor,Very likely,Somewhat comfortable,Very uncomfortable,Comfortable,Republican,The governor took this action to gain an electoral advantage or to respond to similar actions taken by the other party in the past,InParty,Policy,Republican,Democratic,Republican,Democrat,Republican,
4/28/26 8:06,4/28/26 8:06,Survey Test,100,1,TRUE,4/28/26 8:06,test,,65 - 74,Prefer not to say,Native Hawaiian or Pacific Islander,Democrat,,Not Very Strong,,42,43,Slightly important,Manipulating geographic boundaries of election districts,Somewhat likely,Somewhat uncomfortable,Neither comfortable nor uncomfortable,Comfortable,Republican,The governor took this action to gain an electoral advantage or to respond to similar actions taken by the other party in the past,Control,Electoral,Democratic,Republican,Democrat,Republican,,
4/28/26 8:06,4/28/26 8:06,Survey Test,100,0,TRUE,4/28/26 8:06,test,,35 - 44,Non-binary / third gender,Other,No Preference,,,Neither,12,94,Slightly important,Directing law enforcement to investigate politicians of the opposing party,Very unlikely,Somewhat uncomfortable,Very uncomfortable,Very comfortable,Republican,The governor took this action to pursue a specific policy outcome.,OutParty,Policy,Democratic,Republican,Democrat,Republican,Republican,Republican
4/28/26 8:06,4/28/26 8:06,Survey Test,100,0,TRUE,4/28/26 8:06,test,,85 or older,Female,Native Hawaiian or Pacific Islander,No Preference,,,Closer to Democratic Party,45,33,Slightly important,Prosecuting journalists for unfair news coverage,Unlikely,Somewhat comfortable,Uncomfortable,Comfortable,Republican,The governor took this action to pursue a specific policy outcome.,Control,Electoral,Democratic,Republican,Democrat,Republican,,
4/28/26 8:06,4/28/26 8:06,Survey Test,100,0,TRUE,4/28/26 8:06,test,,55 - 64,Non-binary / third gender,American Indian or Alaska Native,Independent,,,Closer to Republican Party,21,15,Extremely important,Directing law enforcement to investigate politicians of the opposing party,Somewhat unlikely,Neither comfortable nor uncomfortable,Somewhat uncomfortable,Neither comfortable nor uncomfortable,Not Specified,The governor took this action to pursue a specific policy outcome.,InParty,Democracy,Republican,Democratic,Republican,Democrat,Republican,
4/28/26 8:06,4/28/26 8:06,Survey Test,100,0,TRUE,4/28/26 8:06,test,,45 - 54,Prefer not to say,Other,Independent,,,Closer to Republican Party,65,73,Low importance,Prosecuting journalists for unfair news coverage,Unlikely,Somewhat uncomfortable,Somewhat comfortable,Very uncomfortable,Republican,The governor took this action to pursue a specific policy outcome.,OutParty,Electoral,Republican,Democratic,Republican,Democrat,Democratic,Democrat